{"cameraMode":{"drawMode":0,"name":"Shaded","section":"Shading Mode"},"sceneLighting":true,"audioPlay":false,"sceneViewState":{"showFog":true,"showMaterialUpdate":false,"showSkybox":true,"showFlares":true,"showImageEffects":true,"showParticleSystems":true},"in2DMode":false,"pivot":{"x":0.43994140625,"y":0.88232421875,"z":-0.09808349609375},"rotation":{"x":0.17475301027297975,"y":0.5577282905578613,"z":-0.12153234332799912,"w":0.8022658824920654},"size":3.8263156414031984,"orthographic":true}